카테고리,가게명,주소
1인분 주문,1인피자피자마루UP-월피점,경기도 안산시 상록구 월피동 448 안산현대2차아파트 상가동(A동) 상가A동 1층 3호
1인분 주문,설가네나주곰탕-월피점,경기도 안산시 상록구 월피동 518-10 518-10 1층
1인분 주문,참치야놀자-월피점,"경기도 안산시 상록구 월피동 445-17 현대쇼핑 1층 13,18,19호"
1인분 주문,라냐,경기도 안산시 상록구 월피동 445 다농마트 3층 333호
1인분 주문,열정국밥-안산월피점,경기도 안산시 상록구 월피동 452-12 민족축복교회 105호
1인분 주문,이즈피자-월피점,경기도 안산시 상록구 월피동 445-18 로얄프라자 104호
1인분 주문,이디야커피-안산월피동점,경기도 안산시 상록구 월피동 492-16 1층
1인분 주문,보대가-월피점,경기도 안산시 상록구 월피동 434-5 434-5 1층일부
1인분 주문,샌드위츠리-월피점,경기도 안산시 상록구 월피동 434-5 434-5 1층일부
1인분 주문,브런츠리,경기도 안산시 상록구 월피동 434-5 434-5 1층일부
1인분 주문,메가MGC커피-안산월피점,경기도 안산시 상록구 월피동 492-15 1층 일부
1인분 주문,카페테리아-월피점,경기도 안산시 상록구 월피동 434-5 434-5 1층일부
1인분 주문,치아바타샌드,경기도 안산시 상록구 월피동 434-5 434-5 1층일부
프랜차이즈,롯데리아-안산DT점,경기도 안산시 상록구 월피동 445-30 롯데리아드라이브점 1~3층
프랜차이즈,푸라닭-안산월피점,경기도 안산시 상록구 월피동 464-11 464-11 1층
프랜차이즈,BHC-안산월피점,경기도 안산시 상록구 월피동 451-7 451-7 1층
프랜차이즈,치킨플러스-월피점,경기도 안산시 상록구 월피동 442-14 1층 101호
프랜차이즈,신전떡볶이-월피점,경기도 안산시 상록구 월피동 452-12 민족축복교회 1층 101호(월피동)
프랜차이즈,멕시카나-월피동점,경기도 안산시 상록구 월피동 442-18 442-18 103호
프랜차이즈,부어치킨-월피동점,경기도 안산시 상록구 월피동 453-6 103호
프랜차이즈,네네치킨-월피점,경기도 안산시 상록구 월피동 461-8 102호
프랜차이즈,노랑통닭-안산월피점,경기도 안산시 상록구 월피동 452-18 1층 101호
프랜차이즈,소문난닭강정,경기도 안산시 상록구 월피동 453-9 453-9
프랜차이즈,교촌치킨-월피점,경기도 안산시 상록구 월피동 442-26 442-26 101호
프랜차이즈,지코바치킨-월피점,경기도 안산시 상록구 월피동 474-10 102호
프랜차이즈,떡볶이플러스-월피점,경기도 안산시 상록구 월피동 442-14 1층 101호
프랜차이즈,페리카나-월피주공점,경기도 안산시 상록구 월피동 446-2 주공2단지아파트(상가동) 446-2 주공2단지아파트(상가동) 상가 107호
프랜차이즈,훌랄라참숯치킨-안산월피점,"경기도 안산시 상록구 월피동 508-9 103호, 104호"
프랜차이즈,요아정-안산월피점,경기도 안산시 상록구 월피동 453-4 1층
프랜차이즈,코리안바베큐-월피2호점,경기도 안산시 상록구 월피동 460-12 101호
프랜차이즈,기떡찜-월피점,경기도 안산시 상록구 월피동 442-14 1층 101호
프랜차이즈,BBQ-안산월피예대점,경기도 안산시 상록구 월피동 508-3 베스코아트빌 1층 105호
프랜차이즈,곱도리辛&낙곱새-월피점,경기도 안산시 상록구 월피동 460-10 1층 102호
프랜차이즈,낭만닭발-월피점,"경기도 안산시 상록구 월피동 445-21 오성빌딩 103호,104호"
프랜차이즈,웅이네오돌뼈닭발도-월피동점,경기도 안산시 상록구 월피동 461-8 1층 일부
프랜차이즈,굽네치킨&피자-월피점,경기도 안산시 상록구 월피동 486-10 1층일부
프랜차이즈,이디야커피-안산월피현대점,"경기도 안산시 상록구 월피동 448 안산현대2차아파트 상가동(B동) 1층 8호,9호"
프랜차이즈,오구피자-월피점,경기도 안산시 상록구 월피동 447 한양아파트 한양A상가3동 1층 102-2호
프랜차이즈,피자마루-안산월피점,경기도 안산시 상록구 월피동 448 안산현대2차아파트 상가동(B동) 448 안산현대2차아파트 상가동(A동) 1층 3호
프랜차이즈,반올림피자-안산월피점,경기도 안산시 상록구 월피동 449-6 1층
프랜차이즈,BBQ-월피점,경기도 안산시 상록구 월피동 436-11 436-11 1층
프랜차이즈,배스킨라빈스-안산월피점,"경기도 안산시 상록구 월피동 445-18 로얄프라자 445-18 로얄프라자 105,106호"
프랜차이즈,수내닭꼬치-안산월피점,경기도 안산시 상록구 월피동 445-25 파크프라자 445-25 1층 101호
프랜차이즈,스테이크존-안산월피점,경기도 안산시 상록구 월피동 506-2
프랜차이즈,네네앤봉구스-월피점,경기도 안산시 상록구 월피동 461-8 461-8 102호
프랜차이즈,98도씨국밥-월피점,경기도 안산시 상록구 월피동 435-15 1층
프랜차이즈,인생극장-월피점,경기도 안산시 상록구 월피동 505-1 1층 103호
프랜차이즈,뚜레쥬르-안산다농점,"경기도 안산시 상록구 월피동 445 다농마트 195,196호"
프랜차이즈,두찜-안산월피점,경기도 안산시 상록구 월피동 445-19 정진빌딩 445-19 정진빌딩 1층 1호
프랜차이즈,이바돔감자탕-월피점,경기도 안산시 상록구 월피동 460-12 460-12 2층
프랜차이즈,파리바게뜨-안산다농점,경기도 안산시 상록구 월피동 445-10 삼진종합상가 445-10 삼진종합상가 1층
프랜차이즈,홍희통닭-월피점,경기도 안산시 상록구 월피동 447 한양아파트 103호상가2동 103호
프랜차이즈,처갓집양념치킨-월피점,경기도 안산시 상록구 월피동 506-14 1층 일부
프랜차이즈,파리바게뜨-안산광덕점,경기도 안산시 상록구 월피동 492-17 492-17 1층일부
프랜차이즈,이삭토스트-안산월피점,경기도 안산시 상록구 월피동 445-6 1층
프랜차이즈,유미카츠-안산월피점,경기도 안산시 상록구 월피동 445-25 파크프라자 201호
프랜차이즈,돈까스짱-안산월피점,경기도 안산시 상록구 월피동 447 한양아파트 상가1동 112호
프랜차이즈,투몬스터캔커피-월피점,경기도 안산시 상록구 월피동 472-7 시낭어린이집 1층 102호
프랜차이즈,경성한우국밥-동안산병원점,"경기도 안산시 상록구 월피동 474-9 103,104호"
프랜차이즈,파리바게뜨-안산월피점,경기도 안산시 상록구 월피동 447 한양아파트 상가1동 447 한양아파트 상가1동 상가1동 102호
프랜차이즈,인생대박쪽갈비-안산월피점,경기도 안산시 상록구 월피동 506-2 1층
프랜차이즈,커피마마퀸-월피점,"경기도 안산시 상록구 월피동 445-21 오성빌딩 101,102호"
프랜차이즈,디저트39-안산월피점,"경기도 안산시 상록구 월피동 508-1 은성빌딩 104,110호"
프랜차이즈,33떡볶이&꼬마김밥-안산월피점,경기도 안산시 상록구 월피동 518 1층 105호
프랜차이즈,묵은지감자탕-월피점,경기도 안산시 상록구 월피동 460-12 460-12 2층
프랜차이즈,명품감자탕-월피점,경기도 안산시 상록구 월피동 460-12 460-12 2층
프랜차이즈,세계최강냉면-고잔점,경기도 안산시 상록구 월피동 506-16 1층 일부
프랜차이즈,쌍팔반점-안산월피점,경기도 안산시 상록구 월피동 464-7 1층
치킨,꼬꼬나라두마리치킨,경기도 안산시 상록구 월피동 448 안산현대2차아파트 상가동(B동) 1층 11호
치킨,낭만쏘맥X가성비최고의치킨집,"경기도 안산시 상록구 월피동 508-3 베스코아트빌 1층 110,112호 일부"
치킨,CF숯불바베큐치킨,경기도 안산시 상록구 월피동 508-1 은성빌딩 508-1 은성빌딩 1층 102호
치킨,아마리스카페,경기도 안산시 상록구 월피동 445 다농마트 704호
피자/양식,갓구운피자-안산본점,경기도 안산시 상록구 월피동 502-3 1층
피자/양식,에스피자(안산점),경기도 안산시 상록구 월피동 461-11 461-11
피자/양식,츄러스팡팡Coffee&Dessert,경기도 안산시 상록구 월피동 506-16 1층 일부
피자/양식,베이커리강빵(BakeryKangbbang),경기도 안산시 상록구 월피동 445 다농마트 3층 373호
중국집,별난퓨전탕수육,경기도 안산시 상록구 월피동 448 안산현대2차아파트 상가동(B동) 1층 11호
중국집,다롄,경기도 안산시 상록구 월피동 492-14 492-14 1층
중국집,짬뽕쟁이,경기도 안산시 상록구 월피동 506-11 1층
중국집,해성각,경기도 안산시 상록구 월피동 506-11 1층
중국집,짬뿅의전설-안산점,경기도 안산시 상록구 월피동 508-10 골든프라자 508-10 골든프라자 2층 201호
중국집,사천-월피점,경기도 안산시 상록구 월피동 435 1층 103호
중국집,순신양꼬치&마라탕-본점,경기도 안산시 상록구 월피동 493-14 1층
중국집,1974마라탕&마라샹궈,경기도 안산시 상록구 월피동 518-2 1층 101호
한식,오케이곱창-본점,"경기도 안산시 상록구 월피동 506 506 103,104호"
한식,게장존맛순대곱창,경기도 안산시 상록구 월피동 492-9 1층일부
한식,깐도리닭발,경기도 안산시 상록구 월피동 508-9 105호
한식,전여친전남친 -월피본점,경기도 안산시 상록구 월피동 508-3 베스코아트빌 508-3 베스코아트빌 1층 102호
한식,주반국물닭발,경기도 안산시 상록구 월피동 508-8 105호
한식,디딤불닭발,경기도 안산시 상록구 월피동 463-2 463-2 1층
한식,가장맛있는왕냉면,경기도 안산시 상록구 월피동 435-15 1층
한식,종로감자탕순대국-월피본점,경기도 안산시 상록구 월피동 449-5 1층 일부(월피동)
한식,술딴지&coffee-월피점,경기도 안산시 상록구 월피동 464-15 103호
한식,경동집-월피점,경기도 안산시 상록구 월피동 460-10 1층 102호
한식,대박손,경기도 안산시 상록구 월피동 434-16 1층(월피동)
한식,머슴식당양푼생갈비-월피점,경기도 안산시 상록구 월피동 492-14 1층
한식,주상전하,경기도 안산시 상록구 월피동 506-12 1층 전체
한식,내가만든반찬,경기도 안산시 상록구 월피동 455-10 455-10 1층
한식,뚱닭발-월피점,경기도 안산시 상록구 월피동 435-11 1층
한식,냉면불고기전문구미관,"경기도 안산시 상록구 월피동 445-20 뉴월피프라자 112호, 113호"
한식,이가네야채곱창,경기도 안산시 상록구 월피동 455-12 1층
한식,이선생왕코다리-안산점,경기도 안산시 상록구 월피동 456 이선생왕코다리 1층
한식,뜨락애,경기도 안산시 상록구 월피동 519-1 102호
한식,돼지대첩480숙성고기-광덕시장점,경기도 안산시 상록구 월피동 508-1 은성빌딩 105~109호
한식,싹쓰리김치찜-안산월피점,경기도 안산시 상록구 월피동 442-23 1층 일부(월피동)
한식,바베큐킹,경기도 안산시 상록구 월피동 437-8 1층 101호
한식,장터국수,경기도 안산시 상록구 월피동 445-19 정진빌딩 1층 6호
한식,더소갈비살,"경기도 안산시 상록구 월피동 448 안산현대2차아파트 상가동(B동) 상가1층 B동 1층 2호,7호"
한식,홍도해물요리,경기도 안산시 상록구 월피동 461-11 461-11
한식,마산아구찜-월피동,경기도 안산시 상록구 월피동 461-11 461-11
한식,한가네왕족발보쌈,경기도 안산시 상록구 월피동 442-17 안산장대현교회 442-17 안산장대현교회 1층
한식,족슐랭-안산광덕시장점,경기도 안산시 상록구 월피동 508-9 1층 101호
한식,참좋은족발-안산본점,경기도 안산시 상록구 월피동 521 103호
한식,최가네장충왕족발·보쌈,경기도 안산시 상록구 월피동 435-15 1층
한식,광명족발,경기도 안산시 상록구 월피동 493-11 광명족발 1층 102호
한식,무지개분식-본점,경기도 안산시 상록구 월피동 514-9
한식,곰돈수제돈까스&우동,경기도 안산시 상록구 월피동 520 520
한식,참숯불바베큐족발,경기도 안산시 상록구 월피동 453-9 453-9
일식/돈까스,월피야,경기도 안산시 상록구 월피동 436-11 1층
일식/돈까스,광어,경기도 안산시 상록구 월피동 451-5 1층 101호
족발/보쌈,원조장충동왕족발&보쌈,경기도 안산시 상록구 월피동 461-11 461-11
족발/보쌈,장충동왕족발보쌈-안산점,경기도 안산시 상록구 월피동 461-11 461-11
야식,한가득국물떡볶이,경기도 안산시 상록구 월피동 448 안산현대2차아파트 상가동(B동) 1층 11호
야식,착한탕후루&과일,경기도 안산시 상록구 월피동 442-23 1층
분식,토스트카페안녕혼저옵서,경기도 안산시 상록구 월피동 486-10 1층일부(월피동)
카페/디저트,코알라집,경기도 안산시 상록구 월피동 445 다농마트 3층 소소플래닛 청년몰 334호
카페/디저트,카페몽-안산점,경기도 안산시 상록구 월피동 436-11 1층 103호
카페/디저트,카페반디-월피점,경기도 안산시 상록구 월피동 446-1 446-1 104호
카페/디저트,슬베이커리,경기도 안산시 상록구 월피동 445 다농마트비와이씨 3층 379호
카페/디저트,데이드리밍베이커리&카페,경기도 안산시 상록구 월피동 505-4 1층
카페/디저트,하이디샌드위치카페,경기도 안산시 상록구 월피동 493-9 1층 일부호
